META	os=Version 26.5.2 (Build 25F84)	cores=12	memory_bytes=51539607552	thermal=0
SERIAL	fixture	width	height	megapixels	mode	n	mean_ms	min_ms	p50_ms	p95_ms	max_ms	observations	characters
SERIAL	receipt-1.8mp	1200	1500	1.80	fast	12	20.20	18.92	19.92	21.86	21.86	18	858
SERIAL	receipt-1.8mp	1200	1500	1.80	accurate	12	265.24	258.01	263.14	278.20	278.20	18	848
SERIAL	a4-8.7mp	2480	3508	8.70	fast	12	66.16	64.27	65.53	70.18	70.18	65	3088
SERIAL	a4-8.7mp	2480	3508	8.70	accurate	12	762.89	748.10	764.61	780.25	780.25	66	3065
SERIAL	large-12mp	4000	3000	12.00	fast	12	63.84	61.49	63.74	67.24	67.24	47	2241
SERIAL	large-12mp	4000	3000	12.00	accurate	12	588.51	567.59	584.61	603.31	603.31	47	2204
CONCURRENCY	fixture	mode	concurrency	jobs	wall_ms	throughput_jobs_s	mean_ms	p50_ms	p95_ms	max_ms
CONCURRENCY	a4-8.7mp	fast	1	24	1723.73	13.923	71.37	68.02	81.74	87.53
CONCURRENCY	a4-8.7mp	fast	2	24	1498.87	16.012	121.94	123.17	133.21	133.50
CONCURRENCY	a4-8.7mp	fast	4	24	1507.69	15.918	235.64	245.40	267.28	267.61
CONCURRENCY	a4-8.7mp	accurate	1	24	17721.36	1.354	737.47	730.48	758.47	759.37
CONCURRENCY	a4-8.7mp	accurate	2	24	17633.72	1.361	1437.78	1456.64	1555.69	1556.68
CONCURRENCY	a4-8.7mp	accurate	4	24	17175.11	1.397	2682.85	2829.61	2906.09	2926.07
